model,variant,dataset,accuracy
Llama-3-8B,SFT-only,BoolQ,73.822629969419
Llama-3-8B,SFT-only,MMLU,60.582538099986
Llama-3-8B,SFT-only,BBH,49.841269841270
Llama-3-8B,SFT-only,SciQ,88.200000000000
Llama-3-8B,SFT-only,ARC,87.288613303269
Llama-3-8B,SFT+Base-C,BoolQ,78.470948012232
Llama-3-8B,SFT+Base-C,MMLU,64.477994587666
Llama-3-8B,SFT+Base-C,BBH,56.031746031746
Llama-3-8B,SFT+Base-C,SciQ,92.900000000000
Llama-3-8B,SFT+Base-C,ARC,89.853438556933
Llama-3-8B,SFT+Trained-C,BoolQ,78.990825688073
Llama-3-8B,SFT+Trained-C,MMLU,65.567582965390
Llama-3-8B,SFT+Trained-C,BBH,55.714285714286
Llama-3-8B,SFT+Trained-C,SciQ,92.800000000000
Llama-3-8B,SFT+Trained-C,ARC,90.529875986471
Llama-3-8B,Full-R0,BoolQ,71.467889908257
Llama-3-8B,Full-R0,MMLU,62.149266486256
Llama-3-8B,Full-R0,BBH,51.349206349206
Llama-3-8B,Full-R0,SciQ,88.800000000000
Llama-3-8B,Full-R0,ARC,87.570462232244
Llama-3-8B,No-SFT,BoolQ,79.938837920489
Llama-3-8B,No-SFT,MMLU,67.048853439681
Llama-3-8B,No-SFT,BBH,57.619047619048
Llama-3-8B,No-SFT,SciQ,93.800000000000
Llama-3-8B,No-SFT,ARC,90.529875986471
Llama-3-8B,Full-R4,BoolQ,76.697247706422
Llama-3-8B,Full-R4,MMLU,66.927788064378
Llama-3-8B,Full-R4,BBH,56.666666666667
Llama-3-8B,Full-R4,SciQ,93.400000000000
Llama-3-8B,Full-R4,ARC,90.783540022548
Qwen2.5-3B,SFT-only,BoolQ,73.700305810398
Qwen2.5-3B,SFT-only,MMLU,66.763993733086
Qwen2.5-3B,SFT-only,BBH,53.730158730159
Qwen2.5-3B,SFT-only,SciQ,92.500000000000
Qwen2.5-3B,SFT-only,ARC,91.178128523112
Qwen2.5-3B,SFT+Base-C,BoolQ,76.391437308869
Qwen2.5-3B,SFT+Base-C,MMLU,66.934909557043
Qwen2.5-3B,SFT+Base-C,BBH,56.428571428571
Qwen2.5-3B,SFT+Base-C,SciQ,92.200000000000
Qwen2.5-3B,SFT+Base-C,ARC,91.572717023675
Qwen2.5-3B,SFT+Trained-C,BoolQ,77.278287461774
Qwen2.5-3B,SFT+Trained-C,MMLU,68.202535251389
Qwen2.5-3B,SFT+Trained-C,BBH,57.460317460317
Qwen2.5-3B,SFT+Trained-C,SciQ,94.000000000000
Qwen2.5-3B,SFT+Trained-C,ARC,91.995490417136
Qwen2.5-3B,Full-R0,BoolQ,72.110091743119
Qwen2.5-3B,Full-R0,MMLU,68.359208090016
Qwen2.5-3B,Full-R0,BBH,55.952380952381
Qwen2.5-3B,Full-R0,SciQ,92.200000000000
Qwen2.5-3B,Full-R0,ARC,91.290868094701
Qwen2.5-3B,No-SFT,BoolQ,75.657492354740
Qwen2.5-3B,No-SFT,MMLU,68.309357641362
Qwen2.5-3B,No-SFT,BBH,50.952380952381
Qwen2.5-3B,No-SFT,SciQ,93.200000000000
Qwen2.5-3B,No-SFT,ARC,91.770011273957
Qwen2.5-3B,Full-R4,BoolQ,77.706422018349
Qwen2.5-3B,Full-R4,MMLU,68.366329582681
Qwen2.5-3B,Full-R4,BBH,55.634920634921
Qwen2.5-3B,Full-R4,SciQ,91.900000000000
Qwen2.5-3B,Full-R4,ARC,92.418263810598
Gemma-2-2B,SFT-only,BoolQ,74.770642201835
Gemma-2-2B,SFT-only,MMLU,56.003418316479
Gemma-2-2B,SFT-only,BBH,42.698412698413
Gemma-2-2B,SFT-only,SciQ,90.100000000000
Gemma-2-2B,SFT-only,ARC,84.329199549042
Gemma-2-2B,SFT+Base-C,BoolQ,80.948012232416
Gemma-2-2B,SFT+Base-C,MMLU,58.545791197835
Gemma-2-2B,SFT+Base-C,BBH,41.666666666667
Gemma-2-2B,SFT+Base-C,SciQ,91.600000000000
Gemma-2-2B,SFT+Base-C,ARC,87.034949267193
Gemma-2-2B,SFT+Trained-C,BoolQ,80.397553516820
Gemma-2-2B,SFT+Trained-C,MMLU,58.823529411765
Gemma-2-2B,SFT+Trained-C,BBH,43.015873015873
Gemma-2-2B,SFT+Trained-C,SciQ,92.100000000000
Gemma-2-2B,SFT+Trained-C,ARC,87.204058624577
Gemma-2-2B,Full-R0,BoolQ,75.168195718654
Gemma-2-2B,Full-R0,MMLU,57.370744908133
Gemma-2-2B,Full-R0,BBH,41.984126984127
Gemma-2-2B,Full-R0,SciQ,89.500000000000
Gemma-2-2B,Full-R0,ARC,84.470124013529
Gemma-2-2B,No-SFT,BoolQ,80.489296636086
Gemma-2-2B,No-SFT,MMLU,59.849024355505
Gemma-2-2B,No-SFT,BBH,43.174603174603
Gemma-2-2B,No-SFT,SciQ,90.500000000000
Gemma-2-2B,No-SFT,ARC,85.879368658399
Gemma-2-2B,Full-R4,BoolQ,80.244648318043
Gemma-2-2B,Full-R4,MMLU,59.500071214927
Gemma-2-2B,Full-R4,BBH,44.047619047619
Gemma-2-2B,Full-R4,SciQ,91.800000000000
Gemma-2-2B,Full-R4,ARC,87.006764374295
Phi-4-mini,SFT-only,BoolQ,69.785932721713
Phi-4-mini,SFT-only,MMLU,68.401937046005
Phi-4-mini,SFT-only,BBH,53.253968253968
Phi-4-mini,SFT-only,SciQ,90.100000000000
Phi-4-mini,SFT-only,ARC,90.332581736189
Phi-4-mini,SFT+Base-C,BoolQ,84.067278287462
Phi-4-mini,SFT+Base-C,MMLU,71.820253525139
Phi-4-mini,SFT+Base-C,BBH,60.555555555556
Phi-4-mini,SFT+Base-C,SciQ,92.200000000000
Phi-4-mini,SFT+Base-C,ARC,92.812852311161
Phi-4-mini,SFT+Trained-C,BoolQ,85.565749235474
Phi-4-mini,SFT+Trained-C,MMLU,72.233300099701
Phi-4-mini,SFT+Trained-C,BBH,61.904761904762
Phi-4-mini,SFT+Trained-C,SciQ,92.700000000000
Phi-4-mini,SFT+Trained-C,ARC,92.756482525366
Phi-4-mini,Full-R0,BoolQ,70.795107033639
Phi-4-mini,Full-R0,MMLU,68.729525708589
Phi-4-mini,Full-R0,BBH,56.587301587302
Phi-4-mini,Full-R0,SciQ,90.400000000000
Phi-4-mini,Full-R0,ARC,90.558060879369
Phi-4-mini,No-SFT,BoolQ,85.749235474006
Phi-4-mini,No-SFT,MMLU,72.261786070360
Phi-4-mini,No-SFT,BBH,58.888888888889
Phi-4-mini,No-SFT,SciQ,92.500000000000
Phi-4-mini,No-SFT,ARC,92.643742953777
Phi-4-mini,Full-R4,BoolQ,85.259938837920
Phi-4-mini,Full-R4,MMLU,73.038028770830
Phi-4-mini,Full-R4,BBH,60.079365079365
Phi-4-mini,Full-R4,SciQ,92.900000000000
Phi-4-mini,Full-R4,ARC,93.207440811725
Mistral-7B,SFT-only,BoolQ,78.746177370031
Mistral-7B,SFT-only,MMLU,57.007548782225
Mistral-7B,SFT-only,BBH,44.761904761905
Mistral-7B,SFT-only,SciQ,86.700000000000
Mistral-7B,SFT-only,ARC,83.793686583991
Mistral-7B,SFT+Base-C,BoolQ,83.333333333333
Mistral-7B,SFT+Base-C,MMLU,60.048426150121
Mistral-7B,SFT+Base-C,BBH,48.095238095238
Mistral-7B,SFT+Base-C,SciQ,89.300000000000
Mistral-7B,SFT+Base-C,ARC,86.104847801578
Mistral-7B,SFT+Trained-C,BoolQ,83.363914373089
Mistral-7B,SFT+Trained-C,MMLU,60.717846460618
Mistral-7B,SFT+Trained-C,BBH,48.730158730159
Mistral-7B,SFT+Trained-C,SciQ,88.600000000000
Mistral-7B,SFT+Trained-C,ARC,86.894024802706
Mistral-7B,Full-R0,BoolQ,79.694189602446
Mistral-7B,Full-R0,MMLU,57.114371172198
Mistral-7B,Full-R0,BBH,41.984126984127
Mistral-7B,Full-R0,SciQ,86.300000000000
Mistral-7B,Full-R0,ARC,82.891770011274
Mistral-7B,No-SFT,BoolQ,84.617737003058
Mistral-7B,No-SFT,MMLU,61.187864976499
Mistral-7B,No-SFT,BBH,47.936507936508
Mistral-7B,No-SFT,SciQ,88.200000000000
Mistral-7B,No-SFT,ARC,86.302142051860
Mistral-7B,Full-R4,BoolQ,83.883792048930
Mistral-7B,Full-R4,MMLU,62.085173052272
Mistral-7B,Full-R4,BBH,48.095238095238
Mistral-7B,Full-R4,SciQ,89.100000000000
Mistral-7B,Full-R4,ARC,87.006764374295
