model,dataset,samples,accuracy,majority_coverage,unanimous_rate,oracle_any_role_accuracy,fallback_rate,parse_rate,direct_accuracy,evidence_accuracy,verification_accuracy,de_agreement_coverage,de_conditional_accuracy,dv_agreement_coverage,dv_conditional_accuracy,ev_agreement_coverage,ev_conditional_accuracy
llama3_8b,boolq,3270,0.7669724770642202,0.9941896024464831,0.7305810397553517,0.8825688073394495,0.005810397553516819,0.9978593272171253,0.7418960244648318,0.7155963302752294,0.8051987767584098,0.8492354740061162,0.7720561757292042,0.8113149847094802,0.838296268375424,0.7948012232415902,0.828780300115429
llama3_8b,mmlu,14042,0.6692778806437829,0.9350519868964535,0.584816977638513,0.8097849309215212,0.0649480131035465,0.9993590656601624,0.6486255519156815,0.6456345249964393,0.6523287281014101,0.7008973080757727,0.7722007722007722,0.710155248540094,0.7655435218612114,0.6936333855576129,0.7718685831622176
llama3_8b,bbh,1260,0.5666666666666667,0.8952380952380953,0.4396825396825397,0.7563492063492063,0.10476190476190476,0.9976190476190476,0.5380952380952381,0.5206349206349207,0.5619047619047619,0.5992063492063492,0.6582781456953642,0.5817460317460318,0.6807639836289222,0.5936507936507937,0.6644385026737968
llama3_8b,sciq,1000,0.934,0.992,0.891,0.966,0.008,1.0,0.928,0.918,0.912,0.921,0.9619978284473398,0.933,0.9528403001071811,0.92,0.9565217391304348
llama3_8b,arc,3548,0.9078354002254791,0.9870349492671928,0.8596392333709132,0.9529312288613303,0.012965050732807215,1.0,0.9002254791431793,0.8903607666290868,0.8928974069898534,0.9089627959413754,0.942015503875969,0.9005073280721533,0.9483568075117371,0.8968432919954904,0.9453174104336896
qwen25_3b,boolq,3270,0.7770642201834862,0.998776758409786,0.7189602446483181,0.8813455657492355,0.0012232415902140672,1.0,0.6896024464831805,0.7951070336391437,0.7749235474006116,0.7948012232415902,0.8049249711427472,0.7871559633027523,0.7964257964257965,0.8547400611620795,0.8339892665474061
qwen25_3b,mmlu,14042,0.6836632958268053,0.9451645064805583,0.6051844466600199,0.8138441817404928,0.054835493519441676,0.9998575701467027,0.6504771400085458,0.6728386269762142,0.6614442387124341,0.72746047571571,0.7705335291238375,0.7122204814129042,0.7728227177282272,0.715852442671984,0.7822323915638679
qwen25_3b,bbh,1260,0.5563492063492064,0.8746031746031746,0.430952380952381,0.7515873015873016,0.1253968253968254,1.0,0.4992063492063492,0.5761904761904761,0.5293650793650794,0.5976190476190476,0.6706507304116865,0.5611111111111111,0.6463932107496464,0.5777777777777777,0.7046703296703297
qwen25_3b,sciq,1000,0.919,0.994,0.866,0.965,0.006,1.0,0.899,0.923,0.905,0.912,0.956140350877193,0.902,0.9512195121951219,0.912,0.9605263157894737
qwen25_3b,arc,3548,0.9241826381059752,0.9861894024802705,0.8373731679819617,0.9661781285231116,0.013810597519729425,1.0,0.9027621195039459,0.9095264937993236,0.8903607666290868,0.8968432919954904,0.9607165304839723,0.8850056369785795,0.9547770700636943,0.879086809470124,0.9618467457518436
gemma2_2b,boolq,3270,0.8024464831804281,0.9990825688073395,0.7431192660550459,0.8996941896024465,0.0009174311926605505,0.999388379204893,0.764525993883792,0.7868501529051988,0.7938837920489297,0.810091743119266,0.8406946017365043,0.8302752293577982,0.8368324125230202,0.844954128440367,0.8436482084690554
gemma2_2b,mmlu,14042,0.5950007121492665,0.9520011394388264,0.599843327161373,0.7282438399088449,0.04799886056117362,0.9981484119071358,0.579689502919812,0.5781227745335422,0.5857427716849452,0.7187722546645777,0.6692757356583771,0.7165645919384703,0.6770025839793282,0.7163509471585244,0.6740232627497763
gemma2_2b,bbh,1260,0.44047619047619047,0.9468253968253968,0.47619047619047616,0.6031746031746031,0.05317460317460317,0.9984126984126984,0.43412698412698414,0.423015873015873,0.4238095238095238,0.6547619047619048,0.48484848484848486,0.6246031746031746,0.49301143583227447,0.6198412698412699,0.4852752880921895
gemma2_2b,sciq,1000,0.918,0.984,0.846,0.963,0.016,0.998,0.894,0.89,0.906,0.888,0.9470720720720721,0.887,0.9560315670800451,0.901,0.9456159822419534
gemma2_2b,arc,3548,0.8700676437429538,0.9822435174746336,0.8060879368658399,0.9298196166854565,0.017756482525366404,0.9991544532130778,0.8478015783540023,0.8461104847801578,0.8579481397970687,0.8596392333709132,0.9157377049180327,0.8757046223224352,0.9130994528484069,0.859075535512965,0.9206036745406824
phi4_mini,boolq,3270,0.8525993883792049,1.0,0.818348623853211,0.9155963302752294,0.0,1.0,0.8256880733944955,0.8305810397553517,0.8458715596330275,0.8617737003058104,0.8807665010645848,0.8746177370030581,0.8839160839160839,0.9003058103975535,0.8756793478260869
phi4_mini,mmlu,14042,0.7303802877083037,0.9658880501353083,0.6793191853012391,0.8323600626691354,0.03411194986469164,0.9992166358068651,0.7090870246403647,0.7105113231733371,0.7063096425010682,0.7788776527560176,0.8024138246319832,0.7707591511180744,0.8039360620899936,0.7748896168636946,0.8017645437000276
phi4_mini,bbh,1260,0.6007936507936508,0.9253968253968254,0.5650793650793651,0.7420634920634921,0.0746031746031746,1.0,0.5920634920634921,0.5666666666666667,0.5793650793650794,0.6777777777777778,0.6885245901639344,0.6841269841269841,0.697215777262181,0.6936507936507936,0.6773455377574371
phi4_mini,sciq,1000,0.929,0.995,0.885,0.965,0.005,1.0,0.922,0.922,0.905,0.925,0.96,0.917,0.9541984732824428,0.923,0.9512459371614301
phi4_mini,arc,3548,0.9320744081172492,0.9935174746335964,0.8931792559188275,0.9627959413754228,0.006482525366403607,0.9997181510710259,0.9261555806087937,0.9165727170236753,0.9162908680947013,0.9264374295377678,0.9592333434742927,0.9303833145434047,0.9572856710087853,0.923055242390079,0.956030534351145
mistral7b_v03,boolq,3270,0.8388379204892966,0.9990825688073395,0.7923547400611621,0.9140672782874618,0.0009174311926605505,0.999388379204893,0.8207951070336391,0.8232415902140673,0.8168195718654434,0.854434250764526,0.8779527559055118,0.8522935779816514,0.8751345532831001,0.8770642201834863,0.8654114365411436
mistral7b_v03,mmlu,14042,0.6208517305227176,0.9228742344395385,0.5326164364050705,0.7677681241988321,0.07712576556046147,0.9996439253667568,0.6003418316479134,0.5920809001566728,0.5930066942031049,0.674405355362484,0.7173178458289334,0.6561743341404358,0.7274799218580421,0.6575274177467597,0.7228419798548684
mistral7b_v03,bbh,1260,0.48095238095238096,0.8833333333333333,0.4015873015873016,0.6738095238095239,0.11666666666666667,0.9976190476190476,0.4738095238095238,0.44761904761904764,0.44682539682539685,0.5523809523809524,0.5718390804597702,0.5626984126984127,0.5627644569816643,0.5714285714285714,0.5375
mistral7b_v03,sciq,1000,0.891,0.975,0.813,0.947,0.025,0.999,0.88,0.858,0.869,0.871,0.9357060849598163,0.869,0.9424626006904487,0.861,0.9337979094076655
mistral7b_v03,arc,3548,0.8700676437429538,0.9763246899661782,0.7697294250281849,0.9405298759864712,0.02367531003382187,0.9994363021420518,0.8435738444193912,0.8458286358511837,0.8449830890642616,0.8317361894024803,0.9288376821416469,0.8401916572717024,0.9218383092921838,0.8438556933483653,0.9225116900467601
