model,round,macro_accuracy
Llama-3-8B,R0,72.27
Llama-3-8B,R1,76.12
Llama-3-8B,R2,76.54
Llama-3-8B,R3,77.04
Llama-3-8B,R4,76.90
Qwen2.5-3B,R0,75.98
Qwen2.5-3B,R1,76.97
Qwen2.5-3B,R2,77.25
Qwen2.5-3B,R3,77.35
Qwen2.5-3B,R4,77.21
Gemma-2-2B,R0,69.70
Gemma-2-2B,R1,72.43
Gemma-2-2B,R2,72.65
Gemma-2-2B,R3,72.32
Gemma-2-2B,R4,72.52
Phi-4-mini,R0,75.41
Phi-4-mini,R1,80.73
Phi-4-mini,R2,80.93
Phi-4-mini,R3,80.78
Phi-4-mini,R4,80.90
Mistral-7B,R0,69.60
Mistral-7B,R1,73.28
Mistral-7B,R2,73.79
Mistral-7B,R3,73.89
Mistral-7B,R4,74.03
Mean,R0,72.59
Mean,R1,75.91
Mean,R2,76.23
Mean,R3,76.27
Mean,R4,76.31
