model,dataset,samples,direct,debate,som_2x,som_4x,acccollab,multi_actor_critic,delta_multi_vs_acccollab
Meta-Llama-3-8B-Instruct,BoolQ,3270,0.773394495413,0.767584097859,0.789755351682,0.787385321101,0.765443425076,0.766972477064,0.001529051988
Meta-Llama-3-8B-Instruct,MMLU,14042,0.624056402222,0.635522005412,0.633884062099,0.633296538955,0.649978635522,0.669277880644,0.019299245122
Meta-Llama-3-8B-Instruct,BBH,1260,0.495238095238,0.500000000000,0.505158730159,0.513095238095,0.531746031746,0.566666666667,0.034920634921
Meta-Llama-3-8B-Instruct,SciQ,1000,0.919000000000,0.920000000000,0.924500000000,0.920250000000,0.915000000000,0.934000000000,0.019000000000
Meta-Llama-3-8B-Instruct,ARC,3548,0.883032694476,0.889233370913,0.890360766629,0.886485343856,0.890360766629,0.907835400225,0.017474633596
Gemma-2-2B-it,BoolQ,3270,0.714678899083,0.798470948012,0.806422018349,0.796100917431,0.803975535168,0.802446483180,-0.001529051988
Gemma-2-2B-it,MMLU,14042,0.564805583250,0.576769690927,0.581897165646,0.581202820111,0.586170061245,0.595000712149,0.008830650904
Gemma-2-2B-it,BBH,1260,0.418253968254,0.401587301587,0.382142857143,0.374801587302,0.425396825397,0.440476190476,0.015079365079
Gemma-2-2B-it,SciQ,1000,0.892000000000,0.908000000000,0.906500000000,0.903750000000,0.899000000000,0.918000000000,0.019000000000
Gemma-2-2B-it,ARC,3548,0.846674182638,0.867812852311,0.870208568207,0.869363021421,0.858229988726,0.870067643743,0.011837655017
